{
  "comparison": "acer_fl_vs_bon",
  "pop_ids": [
    "acer_fl",
    "acer_bon"
  ],
  "ns": [
    136,
    38
  ],
  "n_segregating": 83232.95702308664,
  "restarts": 20,
  "best_model": "IM_a",
  "best_aic": 23664.14424384289,
  "models": {
    "SI": {
      "ll": -12975.884563040825,
      "aic": 25957.76912608165,
      "k": 3,
      "params": {
        "nu1": 0.2633663885942667,
        "nu2": 0.1512330889587543,
        "T": 0.01296958959685481
      },
      "elapsed_s": 1270.3
    },
    "IM": {
      "ll": -12758.345766253853,
      "aic": 25524.691532507706,
      "k": 4,
      "params": {
        "nu1": 0.2755678469856977,
        "nu2": 0.18752428245557068,
        "T": 0.020777094268770252,
        "m": 6.344597790254268
      },
      "elapsed_s": 2745.0
    },
    "IM_a": {
      "ll": -11827.072121921445,
      "aic": 23664.14424384289,
      "k": 5,
      "params": {
        "nu1": 0.35835106354602814,
        "nu2": 0.1307733557586645,
        "T": 0.11710493672487862,
        "m12": 2.2364336296401004,
        "m21": 32.754833091160044
      },
      "elapsed_s": 10883.7
    },
    "SC": {
      "ll": -12758.416664911689,
      "aic": 25526.833329823377,
      "k": 5,
      "params": {
        "nu1": 0.275684878484132,
        "nu2": 0.18751424301206557,
        "T1": 0.0005536684959886765,
        "T2": 0.02018861326264018,
        "m": 6.313387330069635
      },
      "elapsed_s": 6167.2
    },
    "AM": {
      "ll": -12405.292200403252,
      "aic": 24820.584400806503,
      "k": 5,
      "params": {
        "nu1": 0.04626738492955519,
        "nu2": 0.04015985616743731,
        "T1": 0.2514061271780616,
        "T2": 0.0007197319293818596,
        "m": 99.73235439455136
      },
      "elapsed_s": 18556.8
    }
  }
}