{
  "comparison": "acer_fl_vs_pa",
  "pop_ids": [
    "acer_fl",
    "acer_pa"
  ],
  "ns": [
    136,
    62
  ],
  "n_segregating": 8708.297775788002,
  "restarts": 20,
  "best_model": "IM_a",
  "best_aic": 10173.152503334019,
  "models": {
    "SI": {
      "ll": -5258.355228372639,
      "aic": 10522.710456745279,
      "k": 3,
      "params": {
        "nu1": 0.2821351333034776,
        "nu2": 0.41811631770261504,
        "T": 0.01898189336518086
      },
      "elapsed_s": 1933.4
    },
    "IM": {
      "ll": -5162.523072705055,
      "aic": 10333.04614541011,
      "k": 4,
      "params": {
        "nu1": 0.14520099411225165,
        "nu2": 0.22060222968321178,
        "T": 0.6315644420288803,
        "m": 20.107156531094912
      },
      "elapsed_s": 6290.5
    },
    "IM_a": {
      "ll": -5081.576251667009,
      "aic": 10173.152503334019,
      "k": 5,
      "params": {
        "nu1": 0.15852093393310798,
        "nu2": 0.14333469456910047,
        "T": 0.3634520871412205,
        "m12": 8.82173534129566,
        "m21": 42.62912955072396
      },
      "elapsed_s": 11669.2
    },
    "SC": {
      "ll": -5159.378632221687,
      "aic": 10328.757264443375,
      "k": 5,
      "params": {
        "nu1": 0.30251510155258604,
        "nu2": 0.47021743894624546,
        "T1": 0.5772992508611493,
        "T2": 0.25280692789385906,
        "m": 9.583823182531274
      },
      "elapsed_s": 8994.6
    },
    "AM": {
      "ll": -5123.531845508926,
      "aic": 10257.063691017853,
      "k": 5,
      "params": {
        "nu1": 0.16658212231452252,
        "nu2": 0.248890572023993,
        "T1": 0.616514563178651,
        "T2": 0.0019571766524035922,
        "m": 22.218805790151514
      },
      "elapsed_s": 31127.3
    }
  }
}