{
  "comparison": "acer_pa_vs_bon",
  "pop_ids": [
    "acer_pa",
    "acer_bon"
  ],
  "ns": [
    62,
    38
  ],
  "n_segregating": 105555.56981479052,
  "restarts": 20,
  "best_model": "IM_a",
  "best_aic": 19526.819038098656,
  "models": {
    "SI": {
      "ll": -10029.354024560036,
      "aic": 20064.708049120072,
      "k": 3,
      "params": {
        "nu1": 99.33921144424255,
        "nu2": 0.2978517969852495,
        "T": 0.042121489723946866
      },
      "elapsed_s": 565.1
    },
    "IM": {
      "ll": -9835.01834321031,
      "aic": 19678.03668642062,
      "k": 4,
      "params": {
        "nu1": 93.031288247678,
        "nu2": 0.2732195084100583,
        "T": 0.04724554624147299,
        "m": 2.005670776476775
      },
      "elapsed_s": 1500.8
    },
    "IM_a": {
      "ll": -9758.409519049328,
      "aic": 19526.819038098656,
      "k": 5,
      "params": {
        "nu1": 98.77683861806328,
        "nu2": 0.2210892707040911,
        "T": 0.04504246750100017,
        "m12": 1.0691016129879038,
        "m21": 5.729681411845817
      },
      "elapsed_s": 3371.3
    },
    "SC": {
      "ll": -9811.525787012188,
      "aic": 19633.051574024375,
      "k": 5,
      "params": {
        "nu1": 97.42528976473287,
        "nu2": 0.2695791667330824,
        "T1": 0.03783933174697852,
        "T2": 0.007453421294973746,
        "m": 4.773032466657606
      },
      "elapsed_s": 4478.8
    },
    "AM": {
      "ll": -10011.24388183352,
      "aic": 20032.48776366704,
      "k": 5,
      "params": {
        "nu1": 91.33732434485371,
        "nu2": 0.29015169133712493,
        "T1": 0.008727653756473728,
        "T2": 0.0332982788038923,
        "m": 6.278811641705742
      },
      "elapsed_s": 4627.9
    }
  }
}