{
  "comparison": "apal_vs_acer_fl",
  "pop_ids": [
    "apal_fl",
    "acer_fl"
  ],
  "ns": [
    121,
    136
  ],
  "n_segregating": 18219.18407176873,
  "restarts": 20,
  "best_model": "IM_a",
  "best_aic": 19640.40572736052,
  "models": {
    "SI": {
      "ll": -11591.935081475205,
      "aic": 23189.87016295041,
      "k": 3,
      "params": {
        "nu1": 0.47610448598101146,
        "nu2": 0.4124198080020578,
        "T": 0.16670610775911124
      },
      "elapsed_s": 9046.8
    },
    "IM": {
      "ll": -10065.108901661317,
      "aic": 20138.217803322634,
      "k": 4,
      "params": {
        "nu1": 0.5678960774802918,
        "nu2": 0.5477872213516639,
        "T": 0.38893472158793724,
        "m": 0.34726483647803286
      },
      "elapsed_s": 12283.7
    },
    "IM_a": {
      "ll": -9815.20286368026,
      "aic": 19640.40572736052,
      "k": 5,
      "params": {
        "nu1": 1.605921722850077,
        "nu2": 0.9670451058225354,
        "T": 4.343947032675497,
        "m12": 0.07720595773866243,
        "m21": 0.5371699955963367
      },
      "elapsed_s": 65268.9
    },
    "SC": {
      "ll": -10004.414307802865,
      "aic": 20018.82861560573,
      "k": 5,
      "params": {
        "nu1": 0.5632609228317094,
        "nu2": 0.5178470018413878,
        "T1": 0.2667607083878164,
        "T2": 0.018196268488157037,
        "m": 0.6367096339766435
      },
      "elapsed_s": 19559.6
    },
    "AM": {
      "ll": -10067.87443178088,
      "aic": 20145.74886356176,
      "k": 5,
      "params": {
        "nu1": 0.5671597673246149,
        "nu2": 0.5474280259755566,
        "T1": 0.3920745175226292,
        "T2": 0.00010019025904639894,
        "m": 0.3511175355564856
      },
      "elapsed_s": 21587.5
    }
  }
}