{
  "comparison": "apal_vs_acer_bon",
  "pop_ids": [
    "apal_bon",
    "acer_bon"
  ],
  "ns": [
    38,
    38
  ],
  "n_segregating": 80816.78139090682,
  "restarts": 20,
  "best_model": "AM",
  "best_aic": 36317.199817367764,
  "models": {
    "SI": {
      "ll": -21649.813353358317,
      "aic": 43305.62670671663,
      "k": 3,
      "params": {
        "nu1": 0.19618984563107164,
        "nu2": 0.19214102914008135,
        "T": 0.07511545933845162
      },
      "elapsed_s": 316.5
    },
    "IM": {
      "ll": -19002.23117238359,
      "aic": 38012.46234476718,
      "k": 4,
      "params": {
        "nu1": 0.21505973762962988,
        "nu2": 0.22951406754224032,
        "T": 0.1528537471186834,
        "m": 1.2379988091905232
      },
      "elapsed_s": 1736.6
    },
    "IM_a": {
      "ll": -18384.997865200374,
      "aic": 36779.99573040075,
      "k": 5,
      "params": {
        "nu1": 0.04594910656650589,
        "nu2": 0.023837872696313704,
        "T": 0.2278192110198619,
        "m12": 4.6257801547849144,
        "m21": 25.45563050606897
      },
      "elapsed_s": 2996.5
    },
    "SC": {
      "ll": -19002.21898822833,
      "aic": 38014.43797645666,
      "k": 5,
      "params": {
        "nu1": 0.2149595531996418,
        "nu2": 0.2292638022690925,
        "T1": 0.001629715170270806,
        "T2": 0.15130094184951107,
        "m": 1.2423961840199296
      },
      "elapsed_s": 3856.5
    },
    "AM": {
      "ll": -18153.599908683882,
      "aic": 36317.199817367764,
      "k": 5,
      "params": {
        "nu1": 0.07238514355817956,
        "nu2": 0.07884434348165996,
        "T1": 0.37134074489817276,
        "T2": 0.006162712273323542,
        "m": 8.17998442934953
      },
      "elapsed_s": 6342.4
    }
  }
}